code,date,close,b1_score,b2_score,kdj_j,rsi3,vol_ratio5,macd_dif,bias20,ret5,ret10,volatility20,turnover,lgb_pred,lstm_pred,ridge_pred,ensemble_score,rank,lstm_pred_pct,backtest_passed,model_mix,data_asof,confidence,name,buy_reason,reason_tags,display_name
600066,2026-09-11,26.67,76.0,15.0,-6.250768286243652,0.0,0.9145068163787095,-0.8254128644432939,-0.08587684872581436,-0.07008368200836812,-0.11277445109780426,0.019274059588551277,0.0,0.00548562613487202,0.0019120137440040708,0.007115650922060013,0.7698703703703703,1,0.19,True,B1 缩量战法 20% + B2 放量启动 15% + LightGBM 表格模型 20% + LSTM 时序模型 25% + Qlib Ridge 20%,2026-09-11,高,宇通客车,【宇通客车】符合 B1 战法调整蓄势特征（得分 76/100）。KDJ 的 J 值=-6.3，处于超卖低位，卖盘枯竭，符合「逆小势」低吸逻辑。成交量较 5 日均量与 34 日 EMA 量明显萎缩，呈现缩量洗盘，主力未明显出货。RSI(3)=0.0 超卖，短线反弹概率提升。B2尚未确认（得分15），严格战法应等待B2放量后再介入。LSTM 预测未来 5 日小幅上涨（约 +0.19%），可作辅助参考。,KDJ超卖 | 缩量洗盘 | MA60向上 | LSTM看涨,宇通客车(600066)
600096,2026-09-11,29.31,61.0,5.0,1.8189382218491517,0.0,1.0627048402237846,0.22213926240248227,-0.04195335610505502,-0.04837662337662341,-0.07188093730208989,0.02462023125819101,0.0,0.0039191531376668726,-0.0004298524872865528,0.00402845861390233,0.6961666666666667,2,-0.04,True,B1 缩量战法 20% + B2 放量启动 15% + LightGBM 表格模型 20% + LSTM 时序模型 25% + Qlib Ridge 20%,2026-09-11,高,云天化,【云天化】符合 B1 战法调整蓄势特征（得分 61/100）。KDJ 的 J 值=1.8，处于超卖低位，卖盘枯竭，符合「逆小势」低吸逻辑。MACD 的 DIF>0，多头区域运行。RSI(3)=0.0 超卖，短线反弹概率提升。B2尚未确认（得分5），严格战法应等待B2放量后再介入。LSTM 预测未来 5 日收益 -0.04%，建议等待 B2 放量阳线确认后再介入。,KDJ超卖 | MA60向上 | MACD多头,云天化(600096)
600095,2026-09-11,8.58,92.0,20.0,-17.416423233247144,0.0,0.9397660629315386,0.25415111597172846,-0.031493396545885566,-0.15634218289085544,-0.10157068062827235,0.04384021879500706,0.0,0.02743069306501223,-0.002249582437798381,0.022069226950407028,0.6473333333333333,3,-0.22,True,B1 缩量战法 20% + B2 放量启动 15% + LightGBM 表格模型 20% + LSTM 时序模型 25% + Qlib Ridge 20%,2026-09-11,高,湘财股份,【湘财股份】符合 B1 战法调整蓄势特征（得分 92/100）。KDJ 的 J 值=-17.4，处于超卖低位，卖盘枯竭，符合「逆小势」低吸逻辑。成交量较 5 日均量与 34 日 EMA 量明显萎缩，呈现缩量洗盘，主力未明显出货。收盘价不低于 MA60，中期趋势未破。MACD 的 DIF>0，多头区域运行。RSI(3)=0.0 超卖，短线反弹概率提升。B2尚未确认（得分20），严格战法应等待B2放量后再介入。LSTM 预测未来 5 日收益 -0.22%，建议等待 B2 放量阳线确认后再介入。,KDJ超卖 | 缩量洗盘 | MA60向上 | MACD多头,湘财股份(600095)
600019,2026-09-11,5.84,56.0,20.0,71.36230097799117,52.941176470588175,0.8334072938549736,0.0076394197563063315,-0.0007699546582257133,-0.0034129692832765013,0.0017152658662091813,0.009935984128388396,0.0,0.001129101770190572,-0.0006804474396631122,0.0006389974732883275,0.641074074074074,4,-0.07,True,B1 缩量战法 20% + B2 放量启动 15% + LightGBM 表格模型 20% + LSTM 时序模型 25% + Qlib Ridge 20%,2026-09-11,高,宝钢股份,【宝钢股份】符合 B1 战法调整蓄势特征（得分 56/100）。KDJ J 值=71.4，情绪偏低但未达理想超卖区。成交量较 5 日均量与 34 日 EMA 量明显萎缩，呈现缩量洗盘，主力未明显出货。收盘价不低于 MA60，中期趋势未破。MACD 的 DIF>0，多头区域运行。知行线多头排列（短>长），趋势结构健康。B2尚未确认（得分20），严格战法应等待B2放量后再介入。LSTM 预测未来 5 日收益 -0.07%，建议等待 B2 放量阳线确认后再介入。,缩量洗盘 | MACD多头 | 知行多头,宝钢股份(600019)
600081,2026-09-11,10.24,77.0,65.0,2.541152069937951,0.0,1.1873875494015562,0.10389468580695471,-0.008376507044981274,-0.03578154425612046,-0.016330451488952957,0.01702021669685397,0.0,0.0015736081328067064,-0.0008040865650400519,-0.0014670465607196093,0.6260370370370372,5,-0.08,True,B1 缩量战法 20% + B2 放量启动 15% + LightGBM 表格模型 20% + LSTM 时序模型 25% + Qlib Ridge 20%,2026-09-11,高,东风科技,【东风科技】符合 B1 战法调整蓄势特征（得分 77/100）。KDJ 的 J 值=2.5，处于超卖低位，卖盘枯竭，符合「逆小势」低吸逻辑。收盘价不低于 MA60，中期趋势未破。MACD 的 DIF>0，多头区域运行。知行线多头排列（短>长），趋势结构健康。RSI(3)=0.0 超卖，短线反弹概率提升。B2放量启动信号强（得分65/100）：长阳配合放量，主力进攻意图明确。LSTM 预测未来 5 日收益 -0.08%，建议等待 B2 放量阳线确认后再介入。,KDJ超卖 | MA60向上 | MACD多头 | 知行多头 | B2放量,东风科技(600081)
600016,2026-09-11,3.7,45.0,25.0,96.3334277694338,,1.5523133200696988,0.04616508419115117,0.04593639575971742,0.024930747922437657,0.08187134502923987,0.012904040324009738,0.0,-0.0003711140973976516,-0.0007816153229214251,0.0040479255840182304,0.6256481481481482,6,-0.08,True,B1 缩量战法 20% + B2 放量启动 15% + LightGBM 表格模型 20% + LSTM 时序模型 25% + Qlib Ridge 20%,2026-09-11,高,民生银行,【民生银行】符合 B1 战法调整蓄势特征（得分 45/100）。KDJ J 值=96.3，情绪偏低但未达理想超卖区。股价站在 BBI 多空线上方且 MA60 走平向上，中期趋势仍偏多（顺大势）。MACD 的 DIF>0，多头区域运行。知行线多头排列（短>长），趋势结构健康。B2尚未确认（得分25），严格战法应等待B2放量后再介入。LSTM 预测未来 5 日收益 -0.08%，建议等待 B2 放量阳线确认后再介入。,BBI上 | MA60向上 | MACD多头 | 知行多头,民生银行(600016)
600133,2026-09-11,7.96,56.0,20.0,-8.018248109533701,0.0,1.2798799924290656,-0.0064809538568653124,-0.04602109300095869,-0.05575326215895604,-0.08715596330275233,0.01745165680286879,0.0,0.0019851455206831847,-0.0008040865650400519,0.00314574153162539,0.605425925925926,7,-0.08,True,B1 缩量战法 20% + B2 放量启动 15% + LightGBM 表格模型 20% + LSTM 时序模型 25% + Qlib Ridge 20%,2026-09-11,高,东湖高新,【东湖高新】符合 B1 战法调整蓄势特征（得分 56/100）。KDJ 的 J 值=-8.0，处于超卖低位，卖盘枯竭，符合「逆小势」低吸逻辑。RSI(3)=0.0 超卖，短线反弹概率提升。B2尚未确认（得分20），严格战法应等待B2放量后再介入。LSTM 预测未来 5 日收益 -0.08%，建议等待 B2 放量阳线确认后再介入。,KDJ超卖 | MA60向上,东湖高新(600133)
600119,2026-09-11,5.13,50.0,5.0,67.08440103112778,0.0,1.1773271831362857,0.16665260294357687,0.047794117647058876,0.017857142857142794,0.009842519685039353,0.021016230242106106,0.0,-0.0029092872058740587,0.0032132016494870186,0.00458153523504734,0.5973148148148149,8,0.32,True,B1 缩量战法 20% + B2 放量启动 15% + LightGBM 表格模型 20% + LSTM 时序模型 25% + Qlib Ridge 20%,2026-09-11,中,*ST长投,【*ST长投】符合 B1 战法调整蓄势特征（得分 50/100）。KDJ J 值=67.1，情绪偏低但未达理想超卖区。股价站在 BBI 多空线上方且 MA60 走平向上，中期趋势仍偏多（顺大势）。MACD 的 DIF>0，多头区域运行。知行线多头排列（短>长），趋势结构健康。RSI(3)=0.0 超卖，短线反弹概率提升。B2尚未确认（得分5），严格战法应等待B2放量后再介入。LSTM 预测未来 5 日小幅上涨（约 +0.32%），可作辅助参考。,BBI上 | MA60向上 | MACD多头 | 知行多头 | LSTM看涨,*ST长投(600119)
600052,2026-09-11,3.76,72.0,20.0,-1.5778343429675772,0.0,1.1520531597636787,0.020375192722406954,-0.03848612709372201,-0.04081632653061229,-0.048101265822784955,0.019323723985524906,0.0,-0.0015535977410900917,-0.0002085999003611505,0.0002928543835878372,0.5971481481481482,9,-0.02,True,B1 缩量战法 20% + B2 放量启动 15% + LightGBM 表格模型 20% + LSTM 时序模型 25% + Qlib Ridge 20%,2026-09-11,中,东望时代,【东望时代】符合 B1 战法调整蓄势特征（得分 72/100）。KDJ 的 J 值=-1.6，处于超卖低位，卖盘枯竭，符合「逆小势」低吸逻辑。收盘价不低于 MA60，中期趋势未破。MACD 的 DIF>0，多头区域运行。RSI(3)=0.0 超卖，短线反弹概率提升。B2尚未确认（得分20），严格战法应等待B2放量后再介入。LSTM 预测未来 5 日收益 -0.02%，建议等待 B2 放量阳线确认后再介入。,KDJ超卖 | MA60向上 | MACD多头,东望时代(600052)
600039,2026-09-11,9.06,100.0,5.0,5.465497055717222,14.28571428571405,0.9737000261621408,0.17004280780640002,0.01832078228616396,-0.01091703056768556,0.027210884353741527,0.01800384649969557,0.0,0.0008693852158240667,0.002284865826368332,-0.0071882642805576324,0.5926851851851851,10,0.23,True,B1 缩量战法 20% + B2 放量启动 15% + LightGBM 表格模型 20% + LSTM 时序模型 25% + Qlib Ridge 20%,2026-09-11,中,四川路桥,【四川路桥】符合 B1 战法调整蓄势特征（得分 100/100）。KDJ 的 J 值=5.5，处于超卖低位，卖盘枯竭，符合「逆小势」低吸逻辑。成交量较 5 日均量与 34 日 EMA 量明显萎缩，呈现缩量洗盘，主力未明显出货。收盘价不低于 MA60，中期趋势未破。MACD 的 DIF>0，多头区域运行。知行线多头排列（短>长），趋势结构健康。RSI(3)=14.3 超卖，短线反弹概率提升。B2尚未确认（得分5），严格战法应等待B2放量后再介入。LSTM 预测未来 5 日小幅上涨（约 +0.23%），可作辅助参考。,KDJ超卖 | 缩量洗盘 | MA60向上 | MACD多头 | 知行多头 | LSTM看涨,四川路桥(600039)
600104,2026-09-11,11.72,48.0,90.0,100.19096602918276,,2.374496156078664,0.18378833021371754,0.12147744127075266,0.11938872970391601,0.1334622823984526,0.0143900976789392,0.0,0.011015396706644528,-0.0008040865650400519,-0.005600912496447563,0.5833148148148148,11,-0.08,True,B1 缩量战法 20% + B2 放量启动 15% + LightGBM 表格模型 20% + LSTM 时序模型 25% + Qlib Ridge 20%,2026-09-11,中,上汽集团,【上汽集团】符合 B1 战法调整蓄势特征（得分 48/100）。KDJ J 值=100.2，情绪偏低但未达理想超卖区。股价站在 BBI 多空线上方且 MA60 走平向上，中期趋势仍偏多（顺大势）。MACD 的 DIF>0，多头区域运行。知行线多头排列（短>长），趋势结构健康。B2放量启动信号强（得分90/100）：长阳配合放量，主力进攻意图明确。LSTM 预测未来 5 日收益 -0.08%，建议等待 B2 放量阳线确认后再介入。,BBI上 | MA60向上 | MACD多头 | 知行多头 | B2放量,上汽集团(600104)
600026,2026-09-11,20.86,65.0,5.0,80.95335448222451,67.7966101694915,0.9209414759532765,0.9293036538999289,0.0772011360702296,0.02556538839724687,0.10898458266879318,0.03369216866455479,0.0,0.0068040785065217905,-0.0008040865650400519,1.3724260497838259e-05,0.5712962962962964,12,-0.08,True,B1 缩量战法 20% + B2 放量启动 15% + LightGBM 表格模型 20% + LSTM 时序模型 25% + Qlib Ridge 20%,2026-09-11,中,中远海能,【中远海能】符合 B1 战法调整蓄势特征（得分 65/100）。KDJ J 值=81.0，情绪偏低但未达理想超卖区。成交量较 5 日均量与 34 日 EMA 量明显萎缩，呈现缩量洗盘，主力未明显出货。股价站在 BBI 多空线上方且 MA60 走平向上，中期趋势仍偏多（顺大势）。MACD 的 DIF>0，多头区域运行。知行线多头排列（短>长），趋势结构健康。B2尚未确认（得分5），严格战法应等待B2放量后再介入。LSTM 预测未来 5 日收益 -0.08%，建议等待 B2 放量阳线确认后再介入。,缩量洗盘 | BBI上 | MA60向上 | MACD多头 | 知行多头,中远海能(600026)
600129,2026-09-11,13.37,51.0,15.0,16.622499988365895,0.0,0.854375230551962,-0.5169353229918485,-0.08065736092965703,-0.03115942028985519,-0.06372549019607843,0.036463818763796806,0.0,0.00958151348786113,-0.0017768361140042543,0.008836166933178902,0.5532037037037036,13,-0.18,True,B1 缩量战法 20% + B2 放量启动 15% + LightGBM 表格模型 20% + LSTM 时序模型 25% + Qlib Ridge 20%,2026-09-11,中,太极集团,【太极集团】符合 B1 战法调整蓄势特征（得分 51/100）。KDJ J 值=16.6，情绪偏低但未达理想超卖区。成交量较 5 日均量与 34 日 EMA 量明显萎缩，呈现缩量洗盘，主力未明显出货。RSI(3)=0.0 超卖，短线反弹概率提升。B2尚未确认（得分15），严格战法应等待B2放量后再介入。LSTM 预测未来 5 日收益 -0.18%，建议等待 B2 放量阳线确认后再介入。,缩量洗盘 | MA60向上,太极集团(600129)
600033,2026-09-11,3.64,45.0,5.0,83.44381694088665,50.0,0.9922540283259436,0.02977012892456221,0.017612524461839474,0.0,0.013927576601671321,0.010599815486010867,0.0,0.0008724179886579109,-0.0008040865650400519,0.003278189804404974,0.5461111111111111,14,-0.08,True,B1 缩量战法 20% + B2 放量启动 15% + LightGBM 表格模型 20% + LSTM 时序模型 25% + Qlib Ridge 20%,2026-09-11,中,福建高速,【福建高速】符合 B1 战法调整蓄势特征（得分 45/100）。KDJ J 值=83.4，情绪偏低但未达理想超卖区。股价站在 BBI 多空线上方且 MA60 走平向上，中期趋势仍偏多（顺大势）。MACD 的 DIF>0，多头区域运行。知行线多头排列（短>长），趋势结构健康。B2尚未确认（得分5），严格战法应等待B2放量后再介入。LSTM 预测未来 5 日收益 -0.08%，建议等待 B2 放量阳线确认后再介入。,BBI上 | MA60向上 | MACD多头 | 知行多头,福建高速(600033)
600103,2026-09-11,3.67,62.0,5.0,26.858091897381897,0.0,0.5190824862028879,0.22143084770219934,0.044988610478360114,0.033802816901408406,-0.04675324675324677,0.0590659266081501,0.0,0.04469999798348828,-0.02987074851989746,0.0085762282833457,0.5305740740740741,15,-2.99,True,B1 缩量战法 20% + B2 放量启动 15% + LightGBM 表格模型 20% + LSTM 时序模型 25% + Qlib Ridge 20%,2026-09-11,中,青山纸业,【青山纸业】符合 B1 战法调整蓄势特征（得分 62/100）。KDJ J 值=26.9，情绪偏低但未达理想超卖区。成交量较 5 日均量与 34 日 EMA 量明显萎缩，呈现缩量洗盘，主力未明显出货。收盘价不低于 MA60，中期趋势未破。MACD 的 DIF>0，多头区域运行。知行线多头排列（短>长），趋势结构健康。RSI(3)=0.0 超卖，短线反弹概率提升。B2尚未确认（得分5），严格战法应等待B2放量后再介入。LSTM 预测未来 5 日收益 -2.99%，建议等待 B2 放量阳线确认后再介入。,缩量洗盘 | MA60向上 | MACD多头 | 知行多头,青山纸业(600103)
600057,2026-09-11,6.08,61.0,35.0,9.061628682611953,0.0,1.9510938874574584,0.025388964153128413,-0.04664837318698545,-0.06748466257668706,-0.08018154311649017,0.02250381453741682,0.0,-0.006060687786856668,-0.0008040865650400519,0.010832086205482483,0.5268148148148148,16,-0.08,True,B1 缩量战法 20% + B2 放量启动 15% + LightGBM 表格模型 20% + LSTM 时序模型 25% + Qlib Ridge 20%,2026-09-11,中,厦门象屿,【厦门象屿】符合 B1 战法调整蓄势特征（得分 61/100）。KDJ 的 J 值=9.1，处于超卖低位，卖盘枯竭，符合「逆小势」低吸逻辑。MACD 的 DIF>0，多头区域运行。RSI(3)=0.0 超卖，短线反弹概率提升。B2尚未确认（得分35），严格战法应等待B2放量后再介入。LSTM 预测未来 5 日收益 -0.08%，建议等待 B2 放量阳线确认后再介入。,KDJ超卖 | MA60向上 | MACD多头,厦门象屿(600057)
600079,2026-09-11,18.33,85.0,20.0,-6.12717019817633,0.0,1.525269174021073,0.21128552922318278,-0.004399543751018586,-0.02135611318740005,-0.01768488745980712,0.00918574452382593,0.0,0.003748096241513612,-0.0008040865650400519,-0.006738543510437012,0.5226851851851851,17,-0.08,True,B1 缩量战法 20% + B2 放量启动 15% + LightGBM 表格模型 20% + LSTM 时序模型 25% + Qlib Ridge 20%,2026-09-11,中,ST人福,【ST人福】符合 B1 战法调整蓄势特征（得分 85/100）。KDJ 的 J 值=-6.1，处于超卖低位，卖盘枯竭，符合「逆小势」低吸逻辑。收盘价不低于 MA60，中期趋势未破。MACD 的 DIF>0，多头区域运行。知行线多头排列（短>长），趋势结构健康。RSI(3)=0.0 超卖，短线反弹概率提升。B2尚未确认（得分20），严格战法应等待B2放量后再介入。LSTM 预测未来 5 日收益 -0.08%，建议等待 B2 放量阳线确认后再介入。,KDJ超卖 | MA60向上 | MACD多头 | 知行多头,ST人福(600079)
600061,2026-09-11,6.3,43.0,5.0,14.06816721451149,25.714285714285694,1.7400187864908045,0.007375824903878225,-0.017467248908296873,-0.03522205206738138,-0.032258064516129004,0.013822466159819547,0.0,0.0007488643149246207,-0.0008040865650400519,0.0020258985459804535,0.519888888888889,18,-0.08,True,B1 缩量战法 20% + B2 放量启动 15% + LightGBM 表格模型 20% + LSTM 时序模型 25% + Qlib Ridge 20%,2026-09-11,中,国投资本,【国投资本】符合 B1 战法调整蓄势特征（得分 43/100）。KDJ 的 J 值=14.1，处于超卖低位，卖盘枯竭，符合「逆小势」低吸逻辑。MACD 的 DIF>0，多头区域运行。B2尚未确认（得分5），严格战法应等待B2放量后再介入。LSTM 预测未来 5 日收益 -0.08%，建议等待 B2 放量阳线确认后再介入。,KDJ超卖 | MACD多头,国投资本(600061)
600028,2026-09-11,5.52,70.0,5.0,63.45200016489542,18.1818181818184,0.9677792809165707,0.11810535344037554,0.02956262240044749,0.007299270072992581,0.01098901098901095,0.017607359267690748,0.0,-0.0011513330141986033,-0.0008040865650400519,0.0019062936771661043,0.5183333333333333,19,-0.08,True,B1 缩量战法 20% + B2 放量启动 15% + LightGBM 表格模型 20% + LSTM 时序模型 25% + Qlib Ridge 20%,2026-09-11,中,中国石化,【中国石化】符合 B1 战法调整蓄势特征（得分 70/100）。KDJ J 值=63.5，情绪偏低但未达理想超卖区。成交量较 5 日均量与 34 日 EMA 量明显萎缩，呈现缩量洗盘，主力未明显出货。股价站在 BBI 多空线上方且 MA60 走平向上，中期趋势仍偏多（顺大势）。MACD 的 DIF>0，多头区域运行。知行线多头排列（短>长），趋势结构健康。RSI(3)=18.2 超卖，短线反弹概率提升。B2尚未确认（得分5），严格战法应等待B2放量后再介入。LSTM 预测未来 5 日收益 -0.08%，建议等待 B2 放量阳线确认后再介入。,缩量洗盘 | BBI上 | MA60向上 | MACD多头 | 知行多头,中国石化(600028)
600148,2026-09-11,15.89,77.0,5.0,10.090663693856058,18.478260869565375,0.6641017712131959,0.32727748063514817,-0.0019157689771049924,-0.0745486313337217,0.013392857142857206,0.020794367749246704,0.0,-0.003021000869933784,-0.0008040865650400519,0.002005465794354677,0.5101111111111112,20,-0.08,True,B1 缩量战法 20% + B2 放量启动 15% + LightGBM 表格模型 20% + LSTM 时序模型 25% + Qlib Ridge 20%,2026-09-11,中,长春一东,【长春一东】符合 B1 战法调整蓄势特征（得分 77/100）。KDJ 的 J 值=10.1，处于超卖低位，卖盘枯竭，符合「逆小势」低吸逻辑。收盘价不低于 MA60，中期趋势未破。MACD 的 DIF>0，多头区域运行。知行线多头排列（短>长），趋势结构健康。RSI(3)=18.5 超卖，短线反弹概率提升。B2尚未确认（得分5），严格战法应等待B2放量后再介入。LSTM 预测未来 5 日收益 -0.08%，建议等待 B2 放量阳线确认后再介入。,KDJ超卖 | MA60向上 | MACD多头 | 知行多头,长春一东(600148)
600027,2026-09-11,4.88,42.0,50.0,96.06689028198863,74.99999999999972,1.0193953750285976,0.05983167139408163,0.04329235702832701,0.008264462809917328,0.038297872340425476,0.012229054000714727,0.0,0.0008277495161724206,-0.0018066847696900368,0.00354018690995872,0.509,21,-0.18,True,B1 缩量战法 20% + B2 放量启动 15% + LightGBM 表格模型 20% + LSTM 时序模型 25% + Qlib Ridge 20%,2026-09-11,中,华电国际,【华电国际】符合 B1 战法调整蓄势特征（得分 42/100）。KDJ J 值=96.1，情绪偏低但未达理想超卖区。收盘价不低于 MA60，中期趋势未破。MACD 的 DIF>0，多头区域运行。知行线多头排列（短>长），趋势结构健康。B2特征部分满足（得分50），可关注是否出现放量长阳确认。LSTM 预测未来 5 日收益 -0.18%，建议等待 B2 放量阳线确认后再介入。,BBI上 | MACD多头 | 知行多头 | B2酝酿,华电国际(600027)
600007,2026-09-11,18.95,61.0,5.0,40.79382420062011,18.18181818181789,0.7404575447507482,0.05232724378094744,0.001400375194863468,0.0,0.002645502645502784,0.010936837326823021,0.0,-0.001112577422570186,0.0035562939010560513,-0.0038844028022140265,0.505425925925926,22,0.36,True,B1 缩量战法 20% + B2 放量启动 15% + LightGBM 表格模型 20% + LSTM 时序模型 25% + Qlib Ridge 20%,2026-09-11,中,中国国贸,【中国国贸】符合 B1 战法调整蓄势特征（得分 61/100）。KDJ J 值=40.8，情绪偏低但未达理想超卖区。成交量较 5 日均量与 34 日 EMA 量明显萎缩，呈现缩量洗盘，主力未明显出货。MACD 的 DIF>0，多头区域运行。知行线多头排列（短>长），趋势结构健康。RSI(3)=18.2 超卖，短线反弹概率提升。B2尚未确认（得分5），严格战法应等待B2放量后再介入。LSTM 预测未来 5 日小幅上涨（约 +0.36%），可作辅助参考。,缩量洗盘 | MA60向上 | MACD多头 | 知行多头 | LSTM看涨,中国国贸(600007)
600038,2026-09-11,28.04,48.0,50.0,61.23436802243015,72.4137931034479,1.0753517793719878,0.3937820694881182,0.024966187812991203,0.003220035778175312,0.0148389431777054,0.015006496525401399,0.0,-0.0003839216682546143,-0.0008040865650400519,-0.0011674182023853064,0.5047962962962964,23,-0.08,True,B1 缩量战法 20% + B2 放量启动 15% + LightGBM 表格模型 20% + LSTM 时序模型 25% + Qlib Ridge 20%,2026-09-11,中,中直股份,【中直股份】符合 B1 战法调整蓄势特征（得分 48/100）。KDJ J 值=61.2，情绪偏低但未达理想超卖区。股价站在 BBI 多空线上方且 MA60 走平向上，中期趋势仍偏多（顺大势）。MACD 的 DIF>0，多头区域运行。知行线多头排列（短>长），趋势结构健康。B2特征部分满足（得分50），可关注是否出现放量长阳确认。LSTM 预测未来 5 日收益 -0.08%，建议等待 B2 放量阳线确认后再介入。,BBI上 | MA60向上 | MACD多头 | 知行多头 | B2酝酿,中直股份(600038)
600128,2026-09-11,8.46,42.0,5.0,28.768158907772744,0.0,1.0637302242816613,0.1443309496825087,-0.0015932023366965753,-0.004705882352941115,-0.008206330597889666,0.016636931502734213,0.0,-0.0009571437018248689,0.0008894441416487098,-0.0010038611944764853,0.504462962962963,24,0.09,True,B1 缩量战法 20% + B2 放量启动 15% + LightGBM 表格模型 20% + LSTM 时序模型 25% + Qlib Ridge 20%,2026-09-11,中,苏豪弘业,【苏豪弘业】符合 B1 战法调整蓄势特征（得分 42/100）。KDJ J 值=28.8，情绪偏低但未达理想超卖区。收盘价不低于 MA60，中期趋势未破。MACD 的 DIF>0，多头区域运行。知行线多头排列（短>长），趋势结构健康。RSI(3)=0.0 超卖，短线反弹概率提升。B2尚未确认（得分5），严格战法应等待B2放量后再介入。LSTM 预测未来 5 日小幅上涨（约 +0.09%），可作辅助参考。,MA60向上 | MACD多头 | 知行多头 | LSTM看涨,苏豪弘业(600128)
600064,2026-09-11,7.71,37.0,20.0,64.34867747467474,38.09523809523813,1.075327462078121,0.03437232328709605,0.004494821184287678,0.0052151238591917615,0.0,0.013200888666455758,0.0,0.000381796890596443,-0.0008040865650400519,0.0014112563803792,0.504462962962963,25,-0.08,True,B1 缩量战法 20% + B2 放量启动 15% + LightGBM 表格模型 20% + LSTM 时序模型 25% + Qlib Ridge 20%,2026-09-11,中,南京高科,【南京高科】符合 B1 战法调整蓄势特征（得分 37/100）。KDJ J 值=64.3，情绪偏低但未达理想超卖区。收盘价不低于 MA60，中期趋势未破。MACD 的 DIF>0，多头区域运行。知行线多头排列（短>长），趋势结构健康。B2尚未确认（得分20），严格战法应等待B2放量后再介入。LSTM 预测未来 5 日收益 -0.08%，建议等待 B2 放量阳线确认后再介入。,MA60向上 | MACD多头 | 知行多头,南京高科(600064)
600036,2026-09-11,41.35,45.0,5.0,77.59475161148467,75.28089887640463,1.2051283603053606,0.6762796364464805,0.031545072407728414,-0.008155432957543729,0.0508259212198221,0.010790860697604888,0.0,0.0019566521389194447,-0.0008040865650400519,-0.0003526179934851825,0.5016666666666667,26,-0.08,True,B1 缩量战法 20% + B2 放量启动 15% + LightGBM 表格模型 20% + LSTM 时序模型 25% + Qlib Ridge 20%,2026-09-11,中,招商银行,【招商银行】符合 B1 战法调整蓄势特征（得分 45/100）。KDJ J 值=77.6，情绪偏低但未达理想超卖区。股价站在 BBI 多空线上方且 MA60 走平向上，中期趋势仍偏多（顺大势）。MACD 的 DIF>0，多头区域运行。知行线多头排列（短>长），趋势结构健康。B2尚未确认（得分5），严格战法应等待B2放量后再介入。LSTM 预测未来 5 日收益 -0.08%，建议等待 B2 放量阳线确认后再介入。,BBI上 | MA60向上 | MACD多头 | 知行多头,招商银行(600036)
600155,2026-09-11,5.96,62.0,20.0,2.6134826444864387,29.82456140350874,1.415607966691684,0.0775625276216676,-0.016745030108059167,-0.04333868378812211,-0.05546751188589538,0.019510607276710702,0.0,0.0012495622155647627,-0.002316979458555579,0.0022491668350994587,0.4938148148148148,27,-0.23,True,B1 缩量战法 20% + B2 放量启动 15% + LightGBM 表格模型 20% + LSTM 时序模型 25% + Qlib Ridge 20%,2026-09-11,中,华创云信,【华创云信】符合 B1 战法调整蓄势特征（得分 62/100）。KDJ 的 J 值=2.6，处于超卖低位，卖盘枯竭，符合「逆小势」低吸逻辑。收盘价不低于 MA60，中期趋势未破。MACD 的 DIF>0，多头区域运行。B2尚未确认（得分20），严格战法应等待B2放量后再介入。LSTM 预测未来 5 日收益 -0.23%，建议等待 B2 放量阳线确认后再介入。,KDJ超卖 | MA60向上 | MACD多头,华创云信(600155)
600059,2026-09-11,8.64,37.0,5.0,37.180893937983726,44.11764705882352,0.5854867608215859,0.24415020032838797,0.024667931688804545,-0.05984766050054391,0.052375152253349544,0.03567269181036579,0.0,-0.0012620779008010376,-0.0008040865650400519,0.008790986612439156,0.49307407407407405,28,-0.08,True,B1 缩量战法 20% + B2 放量启动 15% + LightGBM 表格模型 20% + LSTM 时序模型 25% + Qlib Ridge 20%,2026-09-11,中,XD古越龙,【XD古越龙】符合 B1 战法调整蓄势特征（得分 37/100）。KDJ J 值=37.2，情绪偏低但未达理想超卖区。收盘价不低于 MA60，中期趋势未破。MACD 的 DIF>0，多头区域运行。知行线多头排列（短>长），趋势结构健康。B2尚未确认（得分5），严格战法应等待B2放量后再介入。LSTM 预测未来 5 日收益 -0.08%，建议等待 B2 放量阳线确认后再介入。,MA60向上 | MACD多头 | 知行多头,XD古越龙(600059)
600136,2026-09-11,1.48,42.0,5.0,44.81513508157252,14.285714285714292,1.2039561571191977,0.019363572640270332,0.011619958988380086,0.0,0.006802721088435382,0.014250150749741968,0.0,0.0006703346290457883,-0.0008040865650400519,0.00030309014255180955,0.4845555555555555,29,-0.08,True,B1 缩量战法 20% + B2 放量启动 15% + LightGBM 表格模型 20% + LSTM 时序模型 25% + Qlib Ridge 20%,2026-09-11,中,ST明诚,【ST明诚】符合 B1 战法调整蓄势特征（得分 42/100）。KDJ J 值=44.8，情绪偏低但未达理想超卖区。收盘价不低于 MA60，中期趋势未破。MACD 的 DIF>0，多头区域运行。知行线多头排列（短>长），趋势结构健康。RSI(3)=14.3 超卖，短线反弹概率提升。B2尚未确认（得分5），严格战法应等待B2放量后再介入。LSTM 预测未来 5 日收益 -0.08%，建议等待 B2 放量阳线确认后再介入。,MA60向上 | MACD多头 | 知行多头,ST明诚(600136)
600109,2026-09-11,8.28,50.0,15.0,-4.562705329069203,10.256410256410064,1.56646279301563,-0.036399859696935266,-0.03804821376706369,-0.052631578947368474,-0.053714285714285825,0.013832155343778317,0.0,0.0022380541484053294,-0.0018468633061274886,0.001570522552356124,0.47157407407407415,30,-0.18,True,B1 缩量战法 20% + B2 放量启动 15% + LightGBM 表格模型 20% + LSTM 时序模型 25% + Qlib Ridge 20%,2026-09-11,中,国金证券,【国金证券】符合 B1 战法调整蓄势特征（得分 50/100）。KDJ 的 J 值=-4.6，处于超卖低位，卖盘枯竭，符合「逆小势」低吸逻辑。RSI(3)=10.3 超卖，短线反弹概率提升。B2尚未确认（得分15），严格战法应等待B2放量后再介入。LSTM 预测未来 5 日收益 -0.18%，建议等待 B2 放量阳线确认后再介入。,KDJ超卖,国金证券(600109)
600073,2026-09-11,5.64,90.0,5.0,14.103406187467925,0.0,0.8675033637193863,0.1462407531088985,0.013203988143357659,-0.02422145328719738,0.014388489208633004,0.02051768516366623,0.0,-0.0021279843427169137,-0.0008040865650400519,-0.0021291114389896393,0.4657407407407408,31,-0.08,True,B1 缩量战法 20% + B2 放量启动 15% + LightGBM 表格模型 20% + LSTM 时序模型 25% + Qlib Ridge 20%,2026-09-11,中,光明肉业,【光明肉业】符合 B1 战法调整蓄势特征（得分 90/100）。KDJ 的 J 值=14.1，处于超卖低位，卖盘枯竭，符合「逆小势」低吸逻辑。成交量较 5 日均量与 34 日 EMA 量明显萎缩，呈现缩量洗盘，主力未明显出货。收盘价不低于 MA60，中期趋势未破。MACD 的 DIF>0，多头区域运行。知行线多头排列（短>长），趋势结构健康。RSI(3)=0.0 超卖，短线反弹概率提升。B2尚未确认（得分5），严格战法应等待B2放量后再介入。LSTM 预测未来 5 日收益 -0.08%，建议等待 B2 放量阳线确认后再介入。,KDJ超卖 | 缩量洗盘 | MA60向上 | MACD多头 | 知行多头,光明肉业(600073)
600030,2026-09-11,26.92,46.0,15.0,1.6063693987703829,28.1250000000002,1.3276784848595515,-0.11567530961472983,-0.02160678914754055,-0.03822793854948181,-0.036161833154314316,0.011399798827499098,0.0,0.0005727840712499919,-0.0008040865650400519,-0.001514054136350751,0.4557037037037037,32,-0.08,True,B1 缩量战法 20% + B2 放量启动 15% + LightGBM 表格模型 20% + LSTM 时序模型 25% + Qlib Ridge 20%,2026-09-11,中,中信证券,【中信证券】符合 B1 战法调整蓄势特征（得分 46/100）。KDJ 的 J 值=1.6，处于超卖低位，卖盘枯竭，符合「逆小势」低吸逻辑。B2尚未确认（得分15），严格战法应等待B2放量后再介入。LSTM 预测未来 5 日收益 -0.08%，建议等待 B2 放量阳线确认后再介入。,KDJ超卖 | MA60向上,中信证券(600030)
600060,2026-09-11,27.96,83.0,40.0,9.248983364349172,69.89247311827955,1.1764543480442027,0.38483842097845056,0.025509361990867063,-0.02237762237762242,0.005032350826743359,0.020302340490713406,0.0,-0.0036462958722371292,-0.0008040865650400519,-0.004672518000006676,0.4412777777777777,33,-0.08,True,B1 缩量战法 20% + B2 放量启动 15% + LightGBM 表格模型 20% + LSTM 时序模型 25% + Qlib Ridge 20%,2026-09-11,中,海信视像,【海信视像】符合 B1 战法调整蓄势特征（得分 83/100）。KDJ 的 J 值=9.2，处于超卖低位，卖盘枯竭，符合「逆小势」低吸逻辑。股价站在 BBI 多空线上方且 MA60 走平向上，中期趋势仍偏多（顺大势）。MACD 的 DIF>0，多头区域运行。知行线多头排列（短>长），趋势结构健康。B2特征部分满足（得分40），可关注是否出现放量长阳确认。LSTM 预测未来 5 日收益 -0.08%，建议等待 B2 放量阳线确认后再介入。,KDJ超卖 | BBI上 | MA60向上 | MACD多头 | 知行多头 | B2酝酿,海信视像(600060)
600082,2026-09-11,2.96,62.0,5.0,22.99732065856601,0.0,0.9279904590248137,0.05289320267486142,0.01110162254483349,-0.010033444816053616,-0.006711409395973145,0.01983024813940234,0.0,-0.0021836896020382794,-0.0008040865650400519,-0.000537422311026603,0.4393703703703704,34,-0.08,True,B1 缩量战法 20% + B2 放量启动 15% + LightGBM 表格模型 20% + LSTM 时序模型 25% + Qlib Ridge 20%,2026-09-11,中,ST海泰,【ST海泰】符合 B1 战法调整蓄势特征（得分 62/100）。KDJ J 值=23.0，情绪偏低但未达理想超卖区。成交量较 5 日均量与 34 日 EMA 量明显萎缩，呈现缩量洗盘，主力未明显出货。收盘价不低于 MA60，中期趋势未破。MACD 的 DIF>0，多头区域运行。知行线多头排列（短>长），趋势结构健康。RSI(3)=0.0 超卖，短线反弹概率提升。B2尚未确认（得分5），严格战法应等待B2放量后再介入。LSTM 预测未来 5 日收益 -0.08%，建议等待 B2 放量阳线确认后再介入。,缩量洗盘 | MA60向上 | MACD多头 | 知行多头,ST海泰(600082)
600037,2026-09-11,6.99,62.0,5.0,31.18644982805705,0.0,0.9476655361379338,0.04255295213359922,-0.005123825789923209,-0.009915014164305846,-0.021008403361344463,0.012770669212889463,0.0,-0.003023909920672272,-0.0008040865650400519,-0.0012885169126093388,0.40974074074074074,35,-0.08,True,B1 缩量战法 20% + B2 放量启动 15% + LightGBM 表格模型 20% + LSTM 时序模型 25% + Qlib Ridge 20%,2026-09-11,中,歌华有线,【歌华有线】符合 B1 战法调整蓄势特征（得分 62/100）。KDJ J 值=31.2，情绪偏低但未达理想超卖区。成交量较 5 日均量与 34 日 EMA 量明显萎缩，呈现缩量洗盘，主力未明显出货。收盘价不低于 MA60，中期趋势未破。MACD 的 DIF>0，多头区域运行。知行线多头排列（短>长），趋势结构健康。RSI(3)=0.0 超卖，短线反弹概率提升。B2尚未确认（得分5），严格战法应等待B2放量后再介入。LSTM 预测未来 5 日收益 -0.08%，建议等待 B2 放量阳线确认后再介入。,缩量洗盘 | MA60向上 | MACD多头 | 知行多头,歌华有线(600037)
600031,2026-09-11,19.78,65.0,5.0,27.581634776423144,36.23188405797113,0.6758781186320911,0.21189233758846626,0.01775147928994092,-0.010999999999999899,0.03560209424083771,0.015868724200149745,0.0,-0.000441430889473223,-0.0008040865650400519,-0.005551215261220932,0.4083333333333333,36,-0.08,True,B1 缩量战法 20% + B2 放量启动 15% + LightGBM 表格模型 20% + LSTM 时序模型 25% + Qlib Ridge 20%,2026-09-11,中,三一重工,【三一重工】符合 B1 战法调整蓄势特征（得分 65/100）。KDJ J 值=27.6，情绪偏低但未达理想超卖区。成交量较 5 日均量与 34 日 EMA 量明显萎缩，呈现缩量洗盘，主力未明显出货。收盘价不低于 MA60，中期趋势未破。MACD 的 DIF>0，多头区域运行。知行线多头排列（短>长），趋势结构健康。B2尚未确认（得分5），严格战法应等待B2放量后再介入。LSTM 预测未来 5 日收益 -0.08%，建议等待 B2 放量阳线确认后再介入。,缩量洗盘 | MA60向上 | MACD多头 | 知行多头,三一重工(600031)
600075,2026-09-11,4.84,47.0,5.0,19.885100606197923,31.11111111111117,0.8804383975456319,0.1105665917691967,0.01012209120317209,-0.024193548387096753,-0.01224489795918382,0.02007573237241032,0.0,-0.003686584929776608,-0.0008040865650400519,8.31103534437716e-05,0.39825925925925926,37,-0.08,True,B1 缩量战法 20% + B2 放量启动 15% + LightGBM 表格模型 20% + LSTM 时序模型 25% + Qlib Ridge 20%,2026-09-11,中,新疆天业,【新疆天业】符合 B1 战法调整蓄势特征（得分 47/100）。KDJ J 值=19.9，情绪偏低但未达理想超卖区。收盘价不低于 MA60，中期趋势未破。MACD 的 DIF>0，多头区域运行。知行线多头排列（短>长），趋势结构健康。B2尚未确认（得分5），严格战法应等待B2放量后再介入。LSTM 预测未来 5 日收益 -0.08%，建议等待 B2 放量阳线确认后再介入。,MA60向上 | MACD多头 | 知行多头,新疆天业(600075)
600053,2026-09-11,7.58,100.0,5.0,-0.8661999561844311,0.0,0.5998304958038203,0.11980094273873654,-0.0017778363073681636,-0.028205128205128216,-0.021935483870967776,0.030890708777296758,0.0,-0.0029352524113708087,-0.0027506176847964525,-0.00036261387867853045,0.39361111111111113,38,-0.28,True,B1 缩量战法 20% + B2 放量启动 15% + LightGBM 表格模型 20% + LSTM 时序模型 25% + Qlib Ridge 20%,2026-09-11,中,*ST九鼎,【*ST九鼎】符合 B1 战法调整蓄势特征（得分 100/100）。KDJ 的 J 值=-0.9，处于超卖低位，卖盘枯竭，符合「逆小势」低吸逻辑。成交量较 5 日均量与 34 日 EMA 量明显萎缩，呈现缩量洗盘，主力未明显出货。收盘价不低于 MA60，中期趋势未破。MACD 的 DIF>0，多头区域运行。知行线多头排列（短>长），趋势结构健康。RSI(3)=0.0 超卖，短线反弹概率提升。B2尚未确认（得分5），严格战法应等待B2放量后再介入。LSTM 预测未来 5 日收益 -0.28%，建议等待 B2 放量阳线确认后再介入。,KDJ超卖 | 缩量洗盘 | MACD多头 | 知行多头,*ST九鼎(600053)
600020,2026-09-11,3.84,100.0,5.0,12.009387224327213,9.090909090908909,0.904214428229763,0.026728642219235876,-0.00556778453968676,-0.015384615384615441,-0.027848101265822822,0.010107755795183259,0.0,-0.005820400352177945,-0.0008040865650400519,-0.005823604762554169,0.38203703703703706,39,-0.08,True,B1 缩量战法 20% + B2 放量启动 15% + LightGBM 表格模型 20% + LSTM 时序模型 25% + Qlib Ridge 20%,2026-09-11,中,中原高速,【中原高速】符合 B1 战法调整蓄势特征（得分 100/100）。KDJ 的 J 值=12.0，处于超卖低位，卖盘枯竭，符合「逆小势」低吸逻辑。成交量较 5 日均量与 34 日 EMA 量明显萎缩，呈现缩量洗盘，主力未明显出货。收盘价不低于 MA60，中期趋势未破。MACD 的 DIF>0，多头区域运行。知行线多头排列（短>长），趋势结构健康。RSI(3)=9.1 超卖，短线反弹概率提升。B2尚未确认（得分5），严格战法应等待B2放量后再介入。LSTM 预测未来 5 日收益 -0.08%，建议等待 B2 放量阳线确认后再介入。,KDJ超卖 | 缩量洗盘 | MA60向上 | MACD多头 | 知行多头,中原高速(600020)
600017,2026-09-11,2.86,45.0,5.0,45.68874488684966,39.99999999999999,1.0482584270760922,0.04802446032212959,0.022706955122474337,0.0035087719298245723,-0.0034843205574913716,0.017724474933225026,0.0,-0.0008438734024532881,-0.0011639314470812678,0.00036505627213045955,0.3799074074074074,40,-0.12,True,B1 缩量战法 20% + B2 放量启动 15% + LightGBM 表格模型 20% + LSTM 时序模型 25% + Qlib Ridge 20%,2026-09-11,中,日照港,【日照港】符合 B1 战法调整蓄势特征（得分 45/100）。KDJ J 值=45.7，情绪偏低但未达理想超卖区。股价站在 BBI 多空线上方且 MA60 走平向上，中期趋势仍偏多（顺大势）。MACD 的 DIF>0，多头区域运行。知行线多头排列（短>长），趋势结构健康。B2尚未确认（得分5），严格战法应等待B2放量后再介入。LSTM 预测未来 5 日收益 -0.12%，建议等待 B2 放量阳线确认后再介入。,BBI上 | MA60向上 | MACD多头 | 知行多头,日照港(600017)
600051,2026-09-11,6.17,42.0,5.0,17.63118734398938,5.882352941176592,1.1175977571039029,0.05951386577343154,-0.028881718737703732,-0.019077901430842648,-0.034428794992175216,0.014875430265617766,0.0,-0.0035291752729053414,-0.0008040865650400519,-0.0008676009601913393,0.3734444444444444,41,-0.08,True,B1 缩量战法 20% + B2 放量启动 15% + LightGBM 表格模型 20% + LSTM 时序模型 25% + Qlib Ridge 20%,2026-09-11,中,宁波联合,【宁波联合】符合 B1 战法调整蓄势特征（得分 42/100）。KDJ J 值=17.6，情绪偏低但未达理想超卖区。收盘价不低于 MA60，中期趋势未破。MACD 的 DIF>0，多头区域运行。RSI(3)=5.9 超卖，短线反弹概率提升。B2尚未确认（得分5），严格战法应等待B2放量后再介入。LSTM 预测未来 5 日收益 -0.08%，建议等待 B2 放量阳线确认后再介入。,MA60向上 | MACD多头,宁波联合(600051)
600123,2026-09-11,7.08,62.0,20.0,39.653481455804936,31.818181818181785,0.8410193636425771,0.07196608563172635,-0.021017699115044364,0.004255319148936287,-0.032786885245901676,0.014585704166977985,0.0,-0.005544527191799717,-0.0008040865650400519,-0.0026897017378360033,0.36927777777777776,42,-0.08,True,B1 缩量战法 20% + B2 放量启动 15% + LightGBM 表格模型 20% + LSTM 时序模型 25% + Qlib Ridge 20%,2026-09-11,中,兰花科创,【兰花科创】符合 B1 战法调整蓄势特征（得分 62/100）。KDJ J 值=39.7，情绪偏低但未达理想超卖区。成交量较 5 日均量与 34 日 EMA 量明显萎缩，呈现缩量洗盘，主力未明显出货。收盘价不低于 MA60，中期趋势未破。MACD 的 DIF>0，多头区域运行。知行线多头排列（短>长），趋势结构健康。B2尚未确认（得分20），严格战法应等待B2放量后再介入。LSTM 预测未来 5 日收益 -0.08%，建议等待 B2 放量阳线确认后再介入。,缩量洗盘 | MA60向上 | MACD多头 | 知行多头,兰花科创(600123)
600022,2026-09-11,1.32,61.0,20.0,10.972965829198628,20.0,1.0212756590453302,0.00031883430799739543,-0.012345679012345623,-0.014925373134328401,-0.03649635036496357,0.01380283792978824,0.0,-0.004384760798968751,-0.0008040865650400519,-0.00347215891815722,0.36727777777777776,43,-0.08,True,B1 缩量战法 20% + B2 放量启动 15% + LightGBM 表格模型 20% + LSTM 时序模型 25% + Qlib Ridge 20%,2026-09-11,中,山东钢铁,【山东钢铁】符合 B1 战法调整蓄势特征（得分 61/100）。KDJ 的 J 值=11.0，处于超卖低位，卖盘枯竭，符合「逆小势」低吸逻辑。MACD 的 DIF>0，多头区域运行。RSI(3)=20.0 超卖，短线反弹概率提升。B2尚未确认（得分20），严格战法应等待B2放量后再介入。LSTM 预测未来 5 日收益 -0.08%，建议等待 B2 放量阳线确认后再介入。,KDJ超卖 | MA60向上 | MACD多头,山东钢铁(600022)
600127,2026-09-11,13.55,48.0,5.0,59.010713461017446,0.0,1.0743241845754727,1.946404039827316,0.2253572074516188,0.10162601626016254,0.15123194562446907,0.0615901410795579,0.0,0.00980891121889503,-0.17351675033569336,-0.00202317931689322,0.3636851851851852,44,-17.35,True,B1 缩量战法 20% + B2 放量启动 15% + LightGBM 表格模型 20% + LSTM 时序模型 25% + Qlib Ridge 20%,2026-09-11,中,金健米业,【金健米业】符合 B1 战法调整蓄势特征（得分 48/100）。KDJ J 值=59.0，情绪偏低但未达理想超卖区。股价站在 BBI 多空线上方且 MA60 走平向上，中期趋势仍偏多（顺大势）。MACD 的 DIF>0，多头区域运行。知行线多头排列（短>长），趋势结构健康。RSI(3)=0.0 超卖，短线反弹概率提升。B2尚未确认（得分5），严格战法应等待B2放量后再介入。LSTM 预测未来 5 日收益 -17.35%，建议等待 B2 放量阳线确认后再介入。,BBI上 | MA60向上 | MACD多头 | 知行多头,金健米业(600127)
600099,2026-09-11,9.17,67.0,5.0,13.74669472118596,17.948717948718,1.0382423266453435,0.1680613385768268,-0.01201314442708612,-0.015037593984962516,-0.035751840168243953,0.015160614778375209,0.0,-0.005198869988505668,-0.0008040865650400519,-0.003151422133669257,0.3567777777777778,45,-0.08,True,B1 缩量战法 20% + B2 放量启动 15% + LightGBM 表格模型 20% + LSTM 时序模型 25% + Qlib Ridge 20%,2026-09-11,中,林海股份,【林海股份】符合 B1 战法调整蓄势特征（得分 67/100）。KDJ 的 J 值=13.7，处于超卖低位，卖盘枯竭，符合「逆小势」低吸逻辑。收盘价不低于 MA60，中期趋势未破。MACD 的 DIF>0，多头区域运行。知行线多头排列（短>长），趋势结构健康。RSI(3)=17.9 超卖，短线反弹概率提升。B2尚未确认（得分5），严格战法应等待B2放量后再介入。LSTM 预测未来 5 日收益 -0.08%，建议等待 B2 放量阳线确认后再介入。,KDJ超卖 | MA60向上 | MACD多头 | 知行多头,林海股份(600099)
600035,2026-09-11,3.67,49.0,5.0,19.260988681352018,0.0,1.0140978051331457,0.06717936671869884,0.02471031690632408,-0.010781671159029615,0.0,0.014587654457566723,0.0,-0.0003041701211517831,-0.0009211793658323586,-0.0021633778233081102,0.3480925925925926,46,-0.09,True,B1 缩量战法 20% + B2 放量启动 15% + LightGBM 表格模型 20% + LSTM 时序模型 25% + Qlib Ridge 20%,2026-09-11,中,楚天高速,【楚天高速】符合 B1 战法调整蓄势特征（得分 49/100）。KDJ J 值=19.3，情绪偏低但未达理想超卖区。收盘价不低于 MA60，中期趋势未破。MACD 的 DIF>0，多头区域运行。知行线多头排列（短>长），趋势结构健康。RSI(3)=0.0 超卖，短线反弹概率提升。B2尚未确认（得分5），严格战法应等待B2放量后再介入。LSTM 预测未来 5 日收益 -0.09%，建议等待 B2 放量阳线确认后再介入。,MACD多头 | 知行多头,楚天高速(600035)
600018,2026-09-11,5.49,65.0,5.0,73.10434486495399,72.72727272727295,0.7963241053483372,0.09117294557147204,0.030889118392639192,0.011049723756906271,0.05374280230326289,0.014650340610931057,0.0,-0.007160860465979212,-0.0008040865650400519,-0.0022606535349041224,0.3453703703703704,47,-0.08,True,B1 缩量战法 20% + B2 放量启动 15% + LightGBM 表格模型 20% + LSTM 时序模型 25% + Qlib Ridge 20%,2026-09-11,中,上港集团,【上港集团】符合 B1 战法调整蓄势特征（得分 65/100）。KDJ J 值=73.1，情绪偏低但未达理想超卖区。成交量较 5 日均量与 34 日 EMA 量明显萎缩，呈现缩量洗盘，主力未明显出货。股价站在 BBI 多空线上方且 MA60 走平向上，中期趋势仍偏多（顺大势）。MACD 的 DIF>0，多头区域运行。知行线多头排列（短>长），趋势结构健康。B2尚未确认（得分5），严格战法应等待B2放量后再介入。LSTM 预测未来 5 日收益 -0.08%，建议等待 B2 放量阳线确认后再介入。,缩量洗盘 | BBI上 | MA60向上 | MACD多头 | 知行多头,上港集团(600018)
600084,2026-09-11,4.41,45.0,25.0,57.65865718203496,55.17241379310349,1.5688517925988092,0.03820280498459283,0.045519203413940224,0.023201856148491906,0.02083333333333326,0.016227174048532286,0.0,-0.003317210556820325,-0.0013708681799471378,-9.908637730404735e-05,0.34231481481481485,48,-0.14,True,B1 缩量战法 20% + B2 放量启动 15% + LightGBM 表格模型 20% + LSTM 时序模型 25% + Qlib Ridge 20%,2026-09-11,中,*ST尼雅,【*ST尼雅】符合 B1 战法调整蓄势特征（得分 45/100）。KDJ J 值=57.7，情绪偏低但未达理想超卖区。股价站在 BBI 多空线上方且 MA60 走平向上，中期趋势仍偏多（顺大势）。MACD 的 DIF>0，多头区域运行。知行线多头排列（短>长），趋势结构健康。B2尚未确认（得分25），严格战法应等待B2放量后再介入。LSTM 预测未来 5 日收益 -0.14%，建议等待 B2 放量阳线确认后再介入。,BBI上 | MA60向上 | MACD多头 | 知行多头,*ST尼雅(600084)
600150,2026-09-11,39.75,48.0,50.0,92.39806206826094,61.921708185053404,1.0655775478243514,1.4226414312118791,0.12004959213288413,0.0608486789431546,0.14289821736630248,0.024480157364099784,0.0,-0.009337950503530514,-0.0008040865650400519,-0.006874570157378912,0.3270185185185185,49,-0.08,True,B1 缩量战法 20% + B2 放量启动 15% + LightGBM 表格模型 20% + LSTM 时序模型 25% + Qlib Ridge 20%,2026-09-11,中,中国船舶,【中国船舶】符合 B1 战法调整蓄势特征（得分 48/100）。KDJ J 值=92.4，情绪偏低但未达理想超卖区。股价站在 BBI 多空线上方且 MA60 走平向上，中期趋势仍偏多（顺大势）。MACD 的 DIF>0，多头区域运行。知行线多头排列（短>长），趋势结构健康。B2特征部分满足（得分50），可关注是否出现放量长阳确认。LSTM 预测未来 5 日收益 -0.08%，建议等待 B2 放量阳线确认后再介入。,BBI上 | MA60向上 | MACD多头 | 知行多头 | B2酝酿,中国船舶(600150)
600054,2026-09-11,11.36,67.0,5.0,14.627052261644664,8.333333333333172,1.4699745090320233,0.12335065713252469,-0.004905395935529189,-0.01559792027729634,-0.006993006993006978,0.013139768806171284,0.0,-0.0005222925836752746,-0.002535115694627166,-0.002863439032807946,0.31742592592592594,50,-0.25,True,B1 缩量战法 20% + B2 放量启动 15% + LightGBM 表格模型 20% + LSTM 时序模型 25% + Qlib Ridge 20%,2026-09-11,中,黄山旅游,【黄山旅游】符合 B1 战法调整蓄势特征（得分 67/100）。KDJ 的 J 值=14.6，处于超卖低位，卖盘枯竭，符合「逆小势」低吸逻辑。收盘价不低于 MA60，中期趋势未破。MACD 的 DIF>0，多头区域运行。知行线多头排列（短>长），趋势结构健康。RSI(3)=8.3 超卖，短线反弹概率提升。B2尚未确认（得分5），严格战法应等待B2放量后再介入。LSTM 预测未来 5 日收益 -0.25%，建议等待 B2 放量阳线确认后再介入。,KDJ超卖 | MA60向上 | MACD多头 | 知行多头,黄山旅游(600054)
